City,TimeZoneName,WindowsTimeZoneId,Lat,Lon,Notes
Abidjan,Africa/Abidjan,Greenwich Standard Time,5.320357,-4.016107,
Abu Dhabi,Asia/Dubai,Arabian Standard Time,24.4538352,54.3774014,
Abuja,Africa/Lagos,W. Central Africa Standard Time,9.0643305,7.4892974,
Accra,Africa/Accra,Greenwich Standard Time,5.5571096,-0.2012376,
Adak,America/Adak,Aleutian Standard Time,51.8736127,-176.639032,
Adamstown,Pacific/Pitcairn,UTC-08,-25.066667,-130.100205,
Addis Ababa,Africa/Addis_Ababa,E. Africa Standard Time,9.0358287,38.7524127,
Adelaide,Australia/Adelaide,Cen. Australia Standard Time,-34.9281805,138.5999312,
Alert,America/Indiana/Indianapolis,US Eastern Standard Time,39.16033,-85.6783093,
Algiers,Africa/Algiers,W. Central Africa Standard Time,36.7729333,3.0588445,
Alice Springs,Australia/Darwin,AUS Central Standard Time,-23.6983884,133.8812885,
Almaty,Asia/Almaty,West Asia Standard Time,43.2363924,76.9457275,
Alofi,Pacific/Niue,UTC-11,-19.0534159,-169.919199,
Amman,Asia/Amman,Jordan Standard Time,31.9515694,35.9239625,
Amsterdam,Europe/Amsterdam,W. Europe Standard Time,52.3730796,4.8924534,
Amsterdam Island,Indian/Kerguelen,West Asia Standard Time,-37.8344793,77.5546161,Override applied
Anadyr,Asia/Anadyr,Russia Time Zone 11,64.7316875,177.5060925,
Anchorage,America/Anchorage,Alaskan Standard Time,61.2163129,-149.894852,
Ankara,Europe/Istanbul,Turkey Standard Time,39.9207759,32.8540497,
Antananarivo,Indian/Antananarivo,E. Africa Standard Time,-18.9100122,47.5255809,
Apia,Pacific/Apia,Samoa Standard Time,-13.8345235,-171.7630955,
Ashgabat,Asia/Ashgabat,West Asia Standard Time,37.9378321,58.2359467,
Asmara,Africa/Asmara,E. Africa Standard Time,15.3389667,38.9326763,
Astana,Asia/Almaty,West Asia Standard Time,51.1159933,71.4677059,
Asuncion,America/Asuncion,Paraguay Standard Time,-25.2800459,-57.6343814,
Athens,America/New_York,Eastern Standard Time,33.9597677,-83.376398,
Atlanta,America/New_York,Eastern Standard Time,33.7544657,-84.3898151,
Auckland,Pacific/Auckland,New Zealand Standard Time,-36.852095,174.7631803,
Baghdad,Asia/Baghdad,Arabic Standard Time,33.3061701,44.3872213,
Baker Island,,,,,Override applied; No geocode result
Baker Lake,America/Rankin_Inlet,Central Standard Time,64.3188583,-96.0214238,
Baku,Asia/Baku,Azerbaijan Standard Time,40.3755885,49.8328009,
Bamako,Africa/Bamako,Greenwich Standard Time,12.6132655,-7.9847391,
Bandar Seri Begawan,Asia/Brunei,Singapore Standard Time,4.8895453,114.9417574,
Bangkok,Asia/Bangkok,SE Asia Standard Time,13.7524938,100.4935089,
Bangui,Africa/Bangui,W. Central Africa Standard Time,4.3635118,18.5835913,
Banjul,Africa/Banjul,Greenwich Standard Time,13.45535,-16.575646,
Barcelona,Europe/Madrid,Romance Standard Time,41.3825802,2.177073,Override applied
Basse-Terre,America/Guadeloupe,SA Western Standard Time,16.0000778,-61.7333373,
Beijing,Asia/Shanghai,China Standard Time,40.190632,116.412144,
Beirut,Asia/Beirut,Middle East Standard Time,33.8892265,35.5025585,
Belém,America/Belem,SA Eastern Standard Time,-1.45056,-48.4682453,Override applied
Belgrade,Europe/Belgrade,Central Europe Standard Time,44.8178131,20.4568974,
Belmopan,America/Belize,Central America Standard Time,17.250199,-88.770018,
Belushya Guba,Europe/Moscow,Russian Standard Time,71.5376984,52.3427343,
Bengaluru,Asia/Kolkata,India Standard Time,12.9767936,77.590082,
Berlin,Europe/Berlin,W. Europe Standard Time,52.510885,13.3989367,
Bern,Europe/Zurich,W. Europe Standard Time,46.9484742,7.4521749,
Bishkek,Asia/Bishkek,Central Asia Standard Time,42.8761424,74.6036724,
Bissau,Africa/Bissau,Greenwich Standard Time,11.861324,-15.583055,
Bogota,America/Bogota,SA Pacific Standard Time,4.6533815,-74.0836331,
Boston,America/New_York,Eastern Standard Time,42.3554334,-71.060511,
Brasilia,America/Cuiaba,Central Brazilian Standard Time,-10.3333333,-53.2,
Bratislava,Europe/Bratislava,Central Europe Standard Time,48.1516988,17.1093063,
Brazzaville,Africa/Brazzaville,W. Central Africa Standard Time,-4.2694407,15.2712256,
Bridgetown,America/Barbados,SA Western Standard Time,13.0977832,-59.6184184,
Brisbane,Australia/Brisbane,E. Australia Standard Time,-27.4689623,153.0235009,
Brussels,Europe/Brussels,Romance Standard Time,50.8465573,4.351697,
Bucharest,Europe/Bucharest,GTB Standard Time,44.4361414,26.1027202,
Budapest,Europe/Budapest,Central Europe Standard Time,47.4978789,19.0402383,
Buenos Aires,America/Argentina/Buenos_Aires,Argentina Standard Time,-34.6083696,-58.4440583,
Bujumbura,Africa/Bujumbura,South Africa Standard Time,-3.3638125,29.3675028,
Cairns,Australia/Brisbane,E. Australia Standard Time,-16.9206657,145.7721854,
Cairo,Africa/Cairo,Egypt Standard Time,30.0443879,31.2357257,
Calgary,America/Edmonton,Mountain Standard Time,51.0456064,-114.057541,
Canberra,Australia/Sydney,AUS Eastern Standard Time,-35.2975906,149.1012676,
Cancún,America/Cancun,Eastern Standard Time (Mexico),21.1527467,-86.8425761,
Cape Town,Africa/Johannesburg,South Africa Standard Time,-33.9288301,18.4172197,
Caracas,America/Caracas,Venezuela Standard Time,10.5060934,-66.9146008,
Cardiff,Europe/London,GMT Standard Time,51.4816546,-3.1791934,
Casablanca,Africa/Casablanca,Morocco Standard Time,33.5945144,-7.6200284,
Cayenne,America/Cayenne,SA Eastern Standard Time,4.9371544,-52.3258736,
Chatham Islands,Pacific/Chatham,Chatham Islands Standard Time,-43.917534,-176.18734,
Chennai,Asia/Kolkata,India Standard Time,13.0836939,80.270186,
Chibougamau,America/Toronto,Eastern Standard Time,49.9137407,-74.3713954,Override applied
Chicago,America/Chicago,Central Standard Time,41.8755616,-87.6244212,
Chita,Asia/Chita,Transbaikal Standard Time,52.033409,113.500893,
Chișinău,Europe/Chisinau,E. Europe Standard Time,47.0245117,28.8322923,
Chongqing,Asia/Shanghai,China Standard Time,30.05518,107.8748712,
Conakry,Africa/Conakry,Greenwich Standard Time,9.5170602,-13.6998434,
Copenhagen,Europe/Copenhagen,Romance Standard Time,55.6867243,12.5700724,Override applied
Coral Harbour,America/Atikokan,SA Pacific Standard Time,48.762526,-91.624603,Override applied
Córdoba,America/Argentina/Cordoba,Argentina Standard Time,-31.4166867,-64.1834193,Override applied
Dakar,Africa/Dakar,Greenwich Standard Time,14.693425,-17.447938,
Dallas,America/Chicago,Central Standard Time,32.7762719,-96.7968559,
Damascus,America/New_York,Eastern Standard Time,39.2694715,-77.1968941,
Danmarkshavn,America/Danmarkshavn,Greenwich Standard Time,76.769517,-18.6736769,Override applied
Dar es Salaam,Africa/Dar_es_Salaam,E. Africa Standard Time,-6.8160837,39.2803583,
Darwin,Australia/Darwin,AUS Central Standard Time,-12.46044,130.8410469,
Denpasar,Asia/Makassar,Singapore Standard Time,-8.6524973,115.2191175,
Denver,America/Denver,Mountain Standard Time,39.7392364,-104.984862,
Detroit,America/Detroit,Eastern Standard Time,42.3315509,-83.0466403,
Dhaka,Asia/Dhaka,Bangladesh Standard Time,23.7643863,90.3890144,
Diego Garcia,Indian/Chagos,Central Asia Standard Time,-7.3383584,72.4718155,
Dili,Asia/Dili,Tokyo Standard Time,-8.5536809,125.5784093,
Djibouti,Africa/Djibouti,E. Africa Standard Time,11.8145966,42.8453061,
Dnipro,Europe/Kyiv,FLE Standard Time,51.9191343,30.8243039,
Dodoma,Africa/Dar_es_Salaam,E. Africa Standard Time,-6.1791181,35.7468174,
Doha,Asia/Qatar,Arab Standard Time,25.2856329,51.5264162,
Douglas,America/Chicago,Central Standard Time,39.7628415,-88.2170516,
Dubai,Asia/Dubai,Arabian Standard Time,25.0742823,55.1885387,
Dublin,Europe/Dublin,GMT Standard Time,53.3493795,-6.2605593,
Dushanbe,Asia/Dushanbe,West Asia Standard Time,38.5762709,68.7863573,
Easter Island,Pacific/Easter,Easter Island Standard Time,-27.1259317,-109.3495887,
Edinburgh,Europe/London,GMT Standard Time,55.9533456,-3.1883749,
Edmonton,America/Edmonton,Mountain Standard Time,53.5462055,-113.491241,
El Aaiún,Africa/El_Aaiun,Morocco Standard Time,27.154512,-13.1953921,
Eucla,Australia/Eucla,Aus Central W. Standard Time,-31.6768407,128.8865164,Override applied
Eureka,America/Los_Angeles,Pacific Standard Time,40.8018746,-124.1707558,
Fairbanks,America/Anchorage,Alaskan Standard Time,64.837845,-147.716675,
Fakaofo,Pacific/Fakaofo,UTC+13,-9.3735594,-171.2414826,
Fortaleza,America/Fortaleza,SA Eastern Standard Time,-3.7304512,-38.5217989,
Frankfurt,Europe/Berlin,W. Europe Standard Time,50.1106444,8.6820917,
Freetown,Africa/Freetown,Greenwich Standard Time,8.479004,-13.26795,
Funafuti,Pacific/Funafuti,UTC+12,-8.5199633,179.1982548,
Gaborone,Africa/Gaborone,South Africa Standard Time,-24.6581357,25.9088474,
Galapagos Islands,Pacific/Galapagos,Central America Standard Time,-0.6288151,-90.3638752,
Georgetown,America/Guyana,SA Western Standard Time,6.8137426,-58.1624465,Override applied
Gibraltar,Europe/Gibraltar,W. Europe Standard Time,36.1285933,-5.3474761,
Gitega,Africa/Bujumbura,South Africa Standard Time,-3.4284953,29.9249718,
Grise Fiord,America/Iqaluit,Eastern Standard Time,76.418772,-82.9015251,
Guatemala City,America/Guatemala,Central America Standard Time,14.6416142,-90.5132836,
Hagåtña,Pacific/Guam,West Pacific Standard Time,13.4738606,144.7520557,Override applied
Halifax,America/Halifax,Atlantic Standard Time,44.648618,-63.5859487,
Hamilton,Atlantic/Bermuda,Atlantic Standard Time,32.2942679,-64.7853167,Override applied
Hanoi,Asia/Bangkok,SE Asia Standard Time,21.0283334,105.854041,
Happy Valley-Goose Bay,America/Goose_Bay,Atlantic Standard Time,53.2964352,-60.3111895,Override applied
Harare,Africa/Harare,South Africa Standard Time,-17.8567035,31.0601584,
Havana,America/Havana,Cuba Standard Time,23.135305,-82.3589631,
Helsinki,Europe/Helsinki,FLE Standard Time,60.1674881,24.9427473,
Hermosillo,America/Hermosillo,US Mountain Standard Time,29.0948207,-110.9692202,
Hobart,Australia/Hobart,Tasmania Standard Time,-42.8825088,147.3281233,
Hong Kong,Asia/Hong_Kong,China Standard Time,22.350627,114.1849161,
Honiara,Pacific/Guadalcanal,Central Pacific Standard Time,-9.4310769,159.9552552,
Honolulu,Pacific/Honolulu,Hawaiian Standard Time,21.304547,-157.855676,
Houston,America/Chicago,Central Standard Time,29.7589382,-95.3676974,
Hovd,Asia/Hovd,W. Mongolia Standard Time,46.8997977,92.2959651,
Indianapolis,America/Indiana/Indianapolis,US Eastern Standard Time,39.7683331,-86.1583502,
Inuvik,America/Inuvik,Mountain Standard Time,68.3602632,-133.720386,
Irkutsk,Asia/Irkutsk,North Asia East Standard Time,52.2891225,104.279829,
Islamabad,Asia/Karachi,Pakistan Standard Time,33.6938118,73.0651511,
Istanbul,Europe/Istanbul,Turkey Standard Time,41.006381,28.9758715,
Ittoqqortoormiit,America/Scoresbysund,Azores Standard Time,70.4856214,-21.961726,Override applied
Izhevsk,Europe/Samara,Russia Time Zone 3,56.866557,53.2094166,
Jakarta,Asia/Jakarta,SE Asia Standard Time,-6.1754049,106.827168,
Jamestown,America/New_York,Eastern Standard Time,37.2089184,-76.7783003,
Jerusalem,Asia/Jerusalem,Israel Standard Time,31.7788472,35.2257856,
Johannesburg,Africa/Johannesburg,South Africa Standard Time,-26.205,28.049722,
Juba,Africa/Juba,South Sudan Standard Time,4.8459246,31.5959173,
Juneau,America/Juneau,Alaskan Standard Time,58.3019613,-134.4196751,
Kabul,Asia/Kabul,Afghanistan Standard Time,34.5266431,69.1849082,
Kaliningrad,Europe/Kaliningrad,Kaliningrad Standard Time,54.7046485,20.4565666,
Kampala,Africa/Kampala,E. Africa Standard Time,0.3177137,32.5813539,
Kangerlussuaq,America/Nuuk,Greenland Standard Time,67.0086767,-50.6913356,Override applied
Kansas City,America/Chicago,Central Standard Time,39.100105,-94.5781416,
Karachi,Asia/Karachi,Pakistan Standard Time,24.8546842,67.0207055,
Kathmandu,Asia/Kathmandu,Nepal Standard Time,27.708317,85.3205817,
Kemi,Europe/Helsinki,FLE Standard Time,65.7333404,24.5666495,
Khartoum,Africa/Khartoum,Sudan Standard Time,15.5038301,32.5738979,
Khatanga,Asia/Krasnoyarsk,North Asia Standard Time,72.5720585,104.2904408,
Kigali,Africa/Kigali,South Africa Standard Time,-1.8859597,30.1296751,
King Edward Point,Atlantic/South_Georgia,UTC-02,-54.283545,-36.4946355,Override applied
Kingston,America/Jamaica,SA Pacific Standard Time,17.9712148,-76.7928128,
Kinshasa,Africa/Kinshasa,W. Central Africa Standard Time,-4.3196982,15.3424196,
Kiritimati,Pacific/Kiritimati,Line Islands Standard Time,1.872,-157.3842085,Override applied
Kolkata,Asia/Kolkata,India Standard Time,22.5726459,88.3638953,
Komsomolsk-on-Amur,Asia/Vladivostok,Vladivostok Standard Time,50.561797,136.9995057,
Krasnoyarsk,Asia/Krasnoyarsk,North Asia Standard Time,56.0091173,92.872586,
Kuala Lumpur,Asia/Kuala_Lumpur,Singapore Standard Time,3.1526589,101.7022205,
Kuujjuaq,America/Toronto,Eastern Standard Time,58.1066864,-68.4038778,
Kuwait City,Asia/Kuwait,Arab Standard Time,29.3796532,47.9734174,
Kyiv,Europe/Kyiv,FLE Standard Time,50.4500336,30.5241361,
La Paz,America/La_Paz,SA Western Standard Time,-16.4955455,-68.1336229,
Lagos,Africa/Lagos,W. Central Africa Standard Time,6.4550575,3.3941795,
Lahore,Asia/Karachi,Pakistan Standard Time,31.5656822,74.3141829,
Las Vegas,America/Los_Angeles,Pacific Standard Time,36.1674263,-115.1484131,
Lhasa,Asia/Shanghai,China Standard Time,29.6542054,91.1173015,
Libreville,Africa/Libreville,W. Central Africa Standard Time,0.4086518,9.4418849,
Lilongwe,Africa/Blantyre,South Africa Standard Time,-13.9875107,33.768144,
Lima,America/Lima,SA Pacific Standard Time,-12.0621065,-77.0365256,
Lisbon,Europe/Lisbon,GMT Standard Time,38.7077507,-9.1365919,
Ljubljana,Europe/Ljubljana,Central Europe Standard Time,46.0500268,14.5069289,
Lomé,Africa/Accra,Greenwich Standard Time,6.130419,1.215829,
London,Europe/London,GMT Standard Time,51.4893335,-0.1440551,
Longyearbyen,Arctic/Longyearbyen,W. Europe Standard Time,78.2231558,15.6463656,Override applied
Los Angeles,America/Los_Angeles,Pacific Standard Time,34.0536909,-118.242766,
Luanda,Africa/Luanda,W. Central Africa Standard Time,-8.8272699,13.2439512,
Lubumbashi,Africa/Lubumbashi,South Africa Standard Time,-11.6642316,27.4826264,
Lusaka,Africa/Lusaka,South Africa Standard Time,-15.4163395,28.2818414,
Luxembourg,Europe/Luxembourg,W. Europe Standard Time,49.8158683,6.1296751,
Madrid,Europe/Madrid,Romance Standard Time,40.4167047,-3.7035825,
Magadan,Asia/Magadan,Magadan Standard Time,63.5515028,154.014726,
Majuro,Pacific/Majuro,UTC+12,7.0909924,171.3816354,
Makassar,Asia/Makassar,Singapore Standard Time,-5.1342962,119.4124282,
Malabo,Africa/Malabo,W. Central Africa Standard Time,3.741877,8.7740663,
Male,Indian/Maldives,West Asia Standard Time,4.1779879,73.5107387,
Managua,America/Managua,Central America Standard Time,12.1544035,-86.2737642,
Manama,Asia/Bahrain,Arab Standard Time,26.2235041,50.5822436,
Manaus,America/Manaus,SA Western Standard Time,-3.1316333,-59.9825041,
Manila,Asia/Manila,Singapore Standard Time,14.5904492,120.9803621,
Manokwari,Asia/Jayapura,Tokyo Standard Time,-0.9776762,133.7538039,
Maputo,Africa/Maputo,South Africa Standard Time,-25.966213,32.56745,
Marion Island (Prince Edward Islands),,,,,No geocode result
Mary's Harbour,America/St_Johns,Newfoundland Standard Time,52.3097092,-55.8377319,Override applied
Maseru,Africa/Johannesburg,South Africa Standard Time,-29.310054,27.478222,
Mbabane,Africa/Bujumbura,South Africa Standard Time,-3.3638125,29.3675028,
Melbourne,Australia/Melbourne,AUS Eastern Standard Time,-37.8142454,144.9631732,
Mexico City,America/Mexico_City,Central Standard Time (Mexico),19.3207722,-99.1514678,
Miami,America/New_York,Eastern Standard Time,25.7741728,-80.19362,
Midway,,,,,Override applied; No geocode result
Minneapolis,America/Chicago,Central Standard Time,44.9772995,-93.2654692,
Minsk,Europe/Minsk,Belarus Standard Time,53.9024716,27.5618225,
Mogadishu,Africa/Mogadishu,E. Africa Standard Time,2.0349312,45.3419183,
Monaco,Europe/Monaco,W. Europe Standard Time,43.7323492,7.4276832,
Monrovia,Africa/Monrovia,Greenwich Standard Time,6.328034,-10.797788,
Montevideo,America/Montevideo,Montevideo Standard Time,-34.9058916,-56.1913095,
Montréal,America/Toronto,Eastern Standard Time,45.5031824,-73.5698065,Override applied
Moroni,Indian/Comoro,E. Africa Standard Time,-11.6931255,43.2543044,
Moscow,Europe/Moscow,Russian Standard Time,55.625578,37.6063916,
Mumbai,Asia/Kolkata,India Standard Time,19.054999,72.8692035,
Muscat,Asia/Muscat,Arabian Standard Time,23.6123628,58.5938134,
N'Djamena,Africa/Douala,W. Central Africa Standard Time,12.1191543,15.0502758,Override applied
Nairobi,Africa/Nairobi,E. Africa Standard Time,-1.3026148,36.828842,
Nassau,America/Nassau,Eastern Standard Time,25.0782266,-77.3383438,
Naypyidaw,Asia/Yangon,Myanmar Standard Time,19.7753289,96.1032552,
New Delhi,Asia/Kolkata,India Standard Time,28.6430858,77.2192671,
New Orleans,America/Chicago,Central Standard Time,29.9559145,-90.0730259,
New York,America/New_York,Eastern Standard Time,40.7127281,-74.0060152,
Ngerulmud,Pacific/Palau,Tokyo Standard Time,7.5006446,134.6242864,
Niamey,Africa/Niamey,W. Central Africa Standard Time,13.524834,2.109823,
Nicosia,Asia/Famagusta,GTB Standard Time,35.1746503,33.3638783,
Norilsk,Asia/Krasnoyarsk,North Asia Standard Time,69.3444054,88.2096151,
Nouakchott,Africa/Nouakchott,Greenwich Standard Time,18.0792379,-15.9780071,
Novosibirsk,Asia/Novosibirsk,N. Central Asia Standard Time,55.0288307,82.9226887,
Nuku'alofa,Pacific/Tongatapu,Tonga Standard Time,-21.1343401,-175.201808,
Nusantara,Asia/Makassar,Singapore Standard Time,-0.9730669,116.7087104,Override applied
Nuuk,America/Nuuk,Greenland Standard Time,64.1766835,-51.7359356,Override applied
Oklahoma City,America/Chicago,Central Standard Time,35.4729886,-97.5170536,
Omsk,Asia/Omsk,Omsk Standard Time,54.9830067,73.3745224,
Oral,Asia/Yekaterinburg,Ekaterinburg Standard Time,51.7119835,54.5865583,
Oslo,Europe/Oslo,W. Europe Standard Time,59.9133301,10.7389701,
Ottawa,America/Toronto,Eastern Standard Time,45.4208777,-75.6901106,
Ouagadougou,Africa/Ouagadougou,Greenwich Standard Time,12.3681873,-1.5270944,
Palikir,Pacific/Pohnpei,Central Pacific Standard Time,6.920744,158.1627143,
Panama,America/Panama,SA Pacific Standard Time,8.559559,-81.1308434,
Papeete,Pacific/Tahiti,Hawaiian Standard Time,-17.5373835,-149.5659964,
Paramaribo,America/Paramaribo,SA Eastern Standard Time,5.8241764,-55.1662813,
Paris,Europe/Paris,Romance Standard Time,48.8534951,2.3483915,
Perth,Australia/Perth,W. Australia Standard Time,-31.9558967,115.8605784,
Petropavlovsk-Kamchatsky,Asia/Kamchatka,Russia Time Zone 11,53.0199838,158.6471356,
Pevek,Asia/Anadyr,Russia Time Zone 11,69.6681351,170.4048323,
Philadelphia,America/New_York,Eastern Standard Time,39.9527237,-75.1635262,
Phnom Penh,Asia/Phnom_Penh,SE Asia Standard Time,11.5730391,104.857807,
Phoenix,America/Phoenix,US Mountain Standard Time,33.4484367,-112.074141,
Pituffik,America/Thule,Atlantic Standard Time,76.5299466,-68.7145636,Override applied
Podgorica,Europe/Podgorica,Central Europe Standard Time,42.4415238,19.2621081,
Pond Inlet,America/Iqaluit,Eastern Standard Time,72.6976743,-77.9574381,
Ponta Delgada,Atlantic/Azores,Azores Standard Time,37.7393398,-25.6689503,
Pontianak,Asia/Pontianak,SE Asia Standard Time,-0.0226903,109.3447488,
Port-au-Prince,America/Port-au-Prince,Haiti Standard Time,18.547327,-72.3395928,
Port-aux-Francais,Indian/Kerguelen,West Asia Standard Time,-49.3497607,70.2199565,Override applied
Port Louis,Indian/Mauritius,Mauritius Standard Time,-20.1624522,57.5028044,
Port Moresby,Pacific/Port_Moresby,West Pacific Standard Time,-9.4743301,147.1599504,
Port of Spain,America/Port_of_Spain,SA Western Standard Time,10.6572678,-61.5180173,
Port Vila,Pacific/Efate,Central Pacific Standard Time,-17.7414972,168.3150163,
Porto Novo,Africa/Porto-Novo,W. Central Africa Standard Time,6.4990718,2.6253361,
Prague,Europe/Prague,Central Europe Standard Time,50.0874654,14.4212535,
Praia,Atlantic/Cape_Verde,Cape Verde Standard Time,14.9162811,-23.5095095,
Pretoria,Africa/Johannesburg,South Africa Standard Time,-25.7459277,28.1879101,
Punta Arenas,America/Punta_Arenas,Magallanes Standard Time,-53.1625688,-70.907822,
Pyongyang,Asia/Pyongyang,North Korea Standard Time,39.0167979,125.7473609,
Qaanaaq,America/Thule,Atlantic Standard Time,77.4686357,-69.2222746,Override applied
Quito,America/Guayaquil,SA Pacific Standard Time,-0.2201641,-78.5123274,
Rabat,Africa/Casablanca,Morocco Standard Time,34.0218454,-6.8408929,
Rarotonga,Pacific/Rarotonga,Hawaiian Standard Time,-21.2368312,-159.7774744,
Regina,America/Regina,Canada Central Standard Time,50.4479733,-104.6158764,
Resolute Bay,America/Resolute,Central Standard Time,74.6791392,-94.8423495,
Reykjavik,Atlantic/Reykjavik,Greenwich Standard Time,64.145981,-21.9422367,
Riga,Europe/Riga,FLE Standard Time,56.9493977,24.1051846,
Rio Branco,America/Rio_Branco,SA Pacific Standard Time,-9.9765362,-67.8220778,
Rio de Janeiro,America/Sao_Paulo,E. South America Standard Time,-22.9110137,-43.2093727,
Riyadh,Africa/Nouakchott,Greenwich Standard Time,18.0107143,-15.955326,
Rome,Europe/Rome,W. Europe Standard Time,41.8933203,12.4829321,
Rovaniemi,Europe/Helsinki,FLE Standard Time,66.5025657,25.73122,
Saint-Denis,Europe/Paris,Romance Standard Time,48.935773,2.3580232,
Salt Lake City,America/Denver,Mountain Standard Time,40.7596198,-111.886797,
Samara,Europe/Samara,Russia Time Zone 3,53.1956255,50.1014927,
San Francisco,America/Los_Angeles,Pacific Standard Time,37.7792588,-122.4193286,
San Jose,America/Costa_Rica,Central America Standard Time,9.9325427,-84.0795782,Override applied
San Juan,America/Puerto_Rico,SA Western Standard Time,18.384239,-66.05344,
San Salvador,America/El_Salvador,Central America Standard Time,13.6989939,-89.1914249,
Sana,Asia/Aden,Arab Standard Time,15.35,44.2,
Santiago,America/Costa_Rica,Central America Standard Time,9.8694792,-83.7980749,
Santo Domingo,America/Santo_Domingo,SA Western Standard Time,18.4801972,-69.942111,
São Paulo,America/Sao_Paulo,E. South America Standard Time,-23.5506507,-46.6333824,Override applied
São Tomé,Africa/Sao_Tome,Sao Tome Standard Time,0.3389242,6.7313031,Override applied
Sarajevo,Europe/Sarajevo,Central European Standard Time,43.8570713,18.4126147,
Seattle,America/Los_Angeles,Pacific Standard Time,47.6038321,-122.330062,
Seoul,Asia/Seoul,Korea Standard Time,37.5666791,126.9782914,
Shanghai,Asia/Shanghai,China Standard Time,31.2312707,121.4700152,
Singapore,Asia/Singapore,Singapore Standard Time,1.357107,103.8194992,
Skopje,Europe/Skopje,Central European Standard Time,41.9961816,21.4319213,
Sofia,Europe/Sofia,FLE Standard Time,42.6977028,23.3217359,
Srednekolymsk,Asia/Srednekolymsk,Russia Time Zone 10,67.455497,153.7071456,
Sri Jayawardenepura Kotte,Asia/Colombo,Sri Lanka Standard Time,6.8883219,79.9187415,
St. John's,America/St_Johns,Newfoundland Standard Time,47.5646794,-52.7066964,Override applied
Stanley,Atlantic/Stanley,SA Eastern Standard Time,-51.6930616,-57.856525,
Stockholm,Europe/Stockholm,W. Europe Standard Time,59.3251172,18.0710935,
Sucre,America/La_Paz,SA Western Standard Time,-19.0477251,-65.2594306,
Suva,Pacific/Fiji,Fiji Standard Time,-18.1415884,178.4421662,
Sydney,Australia/Sydney,AUS Eastern Standard Time,-33.8698439,151.2082848,
Taipei,Asia/Taipei,Taipei Standard Time,25.0375198,121.5636796,
Tallinn,Europe/Tallinn,FLE Standard Time,59.4372155,24.7453688,
Tarawa,Pacific/Tarawa,UTC+12,1.4845542,172.9689648,
Tashkent,Asia/Tashkent,West Asia Standard Time,41.3123363,69.2787079,
Tbilisi,Asia/Tbilisi,Georgian Standard Time,41.6934591,44.8014495,
Tegucigalpa,America/Tegucigalpa,Central America Standard Time,14.1057433,-87.2040052,
Tehran,Asia/Tehran,Iran Standard Time,35.6892523,51.3896004,
Thimphu,Asia/Thimphu,Bangladesh Standard Time,27.4713546,89.6336729,
Tiksi,Europe/Helsinki,FLE Standard Time,60.2923492,25.0377634,
Timbuktu,Africa/Bamako,Greenwich Standard Time,16.7719091,-3.0087272,
Tirana,Europe/Tirane,Central Europe Standard Time,41.3281482,19.8184435,
Tokyo,Asia/Tokyo,Tokyo Standard Time,35.6768601,139.7638947,
Toronto,America/Toronto,Eastern Standard Time,43.6534817,-79.3839347,
Tórshavn,Atlantic/Faroe,GMT Standard Time,62.0101396,-6.7715709,Override applied
Tripoli,Africa/Tripoli,Libya Standard Time,32.896672,13.1777923,
Tromsø,Europe/Oslo,W. Europe Standard Time,69.6516345,18.9558585,Override applied
Tunis,Africa/Tunis,W. Central Africa Standard Time,33.8439408,9.400138,
Ulaanbaatar,Asia/Ulaanbaatar,Ulaanbaatar Standard Time,47.9184676,106.9177016,
Unalaska,America/Nome,Alaskan Standard Time,53.8735828,-166.5328654,
Ürümqi,Asia/Shanghai,China Standard Time,43.8244074,87.6139038,Override applied
Valletta,Europe/Malta,W. Europe Standard Time,35.8989979,14.5136607,
Vancouver,America/Vancouver,Pacific Standard Time,49.2608724,-123.113952,
Vatican City,Europe/Rome,W. Europe Standard Time,41.9034912,12.4528349,
Verkhoyansk,Asia/Vladivostok,Vladivostok Standard Time,67.5495068,133.3874618,
Victoria,America/Vancouver,Pacific Standard Time,48.4283182,-123.364953,Override applied
Vienna,Europe/Vienna,W. Europe Standard Time,48.2083537,16.3725042,
Vientiane,Asia/Bangkok,SE Asia Standard Time,17.9640988,102.6133707,
Vilnius,Europe/Vilnius,FLE Standard Time,54.6870458,25.2829111,
Vladivostok,Asia/Vladivostok,Vladivostok Standard Time,43.1150678,131.8855768,
Wake Island,,,,,Override applied; No geocode result
Warsaw,Europe/Warsaw,Central European Standard Time,52.2319581,21.0067249,
Washington DC,America/New_York,Eastern Standard Time,38.8950368,-77.0365427,
Wellington,Pacific/Auckland,New Zealand Standard Time,-41.2887953,174.7772114,
Whitehorse,America/Whitehorse,Yukon Standard Time,60.721571,-135.054932,
Windhoek,Africa/Windhoek,Namibia Standard Time,-22.5335601,17.0454775,
Winnipeg,America/Winnipeg,Central Standard Time,49.8955367,-97.1384584,
Yakutsk,Asia/Yakutsk,Yakutsk Standard Time,62.0274078,129.7319787,
Yamoussoukro,Africa/Abidjan,Greenwich Standard Time,6.8200066,-5.2776034,
Yangon,Asia/Yangon,Myanmar Standard Time,16.7967129,96.1609916,
Yaoundé,Africa/Douala,W. Central Africa Standard Time,3.8689867,11.5213344,
Yaren,Pacific/Nauru,UTC+12,-0.5471064,166.9163479,
Yekaterinburg,Asia/Yekaterinburg,Ekaterinburg Standard Time,56.839104,60.60825,
Yerevan,Asia/Yerevan,Caucasus Standard Time,40.1777112,44.5126233,
Yuzhno-Sakhalinsk,Asia/Sakhalin,Sakhalin Standard Time,46.9574273,142.727438,
Zagreb,Europe/Zagreb,Central European Standard Time,45.8130967,15.9772795,
Zürich,Europe/Zurich,W. Europe Standard Time,47.3744489,8.5410422,
